Name,Age
Fair Glowach,34
Alberik McGuiness,35
Marys Coweuppe,30
Ursula Finlaison,35
Marchall Danslow,33
Byrle Gasker,34
Ardene Shama,33
Gaby Ketley,31
Cassi Kealey,33
Loreen Sandeman,35
Damiano Haythorne,34
Pooh Howson,35
Diandra Champe,32
Teodoro Klambt,33
Alberto Teml,35
Roley Brisard,35
Melonie Halfhyde,31
Chaddie Rubra,34
Gav Meeke,35
Byran Lindeberg,32
Phebe Jurczak,34
Annadiana Milne,33
Lemmie Burdfield,34
Abby Rew,30
Benjamen Code,31
Avril Harriday,30
Mordy felip,33
Dwight Hubner,30
Gayleen McAuley,33
Trey Rodear,34
Townie Spaule,32
Linda Rideout,31
Lanie Brotherhood,35
Wendi Bilbey,33
Laryssa O'Giany,34
Shae Sample,32
Brandon Kilshaw,35
Shep Dommersen,32
Ange Dionsetto,34
Gui Kitney,31
Augustin Fricke,35
Carry Van Hault,35
Rouvin Grumbridge,35
Symon Nicklinson,35
Berenice Avard,35
Mercedes Bensusan,34
Sophey Szachniewicz,33
Tomasina Gossage,32
Ulrica Daburn,34
Melony Airey,33
Maude Firle,30
Murvyn Puttrell,32
Darius Goodlud,30
Gloriane Escott,32
Elayne Ambrois,32
Pancho Mellhuish,32
Chad Loadwick,30
Lon Thrift,35
Leia Connealy,30
Iormina Attyeo,34
Tony Caldayrou,32
Liuka Bohills,35
Tatum McClancy,31
Amabelle Fassbindler,31
Antoine Slot,31
Cindee Gilburt,31
Monica Brabyn,32
See Byrom,33
Flinn Burberry,30
Olly Kingett,31
Ruggiero Jeune,30
Florrie Summerlie,35
Lezley McLane,34
Rozanne Hargitt,35
Verla Arnaudon,32
Reuven Braunston,31
Britte Skae,32
Kamillah Maundrell,34
Corrianne Castleman,31
Anica Studeart,35
Corbie Ventura,34
Fernande Farfull,33
Pierette Travers,35
Junie Manntschke,34
Obed Stollenbecker,30
Englebert Baldacchino,34
Lindy Whitcombe,35
Micheline Riquet,32
Diena Edon,31
Caryl Tenney,32
Alonso Cradduck,30
Kip Battman,34
Hercules Raun,32
Frans Ralton,35
Rogers Bustard,31
Gideon Stoll,30
Adelheid Wicks,35
Alastair Blasio,31
Glad MacClay,30
Kirbie Beeton,32
